Ref,Val,Package,PosX,PosY,Rot,Side
"C1","10uF","C_0402_1005Metric",200.525000,-52.900000,180.000000,bottom
"C2","0.1uF","C_0402_1005Metric",265.770000,-62.290000,0.000000,bottom
"C7","0.1uF","C_0402_1005Metric",200.525000,-48.900000,180.000000,bottom
"C9","0.1uF","C_0402_1005Metric",269.600000,-60.800000,90.000000,bottom
"C11","0.1uF","C_0402_1005Metric",267.770000,-63.290000,0.000000,bottom
"C12","0.1uF","C_0402_1005Metric",265.250000,-60.810000,-90.000000,bottom
"C13","10uF/50V","C_0805_2012Metric",216.250000,-96.825000,-90.000000,bottom
"C14","0.1uF","C_0402_1005Metric",218.480000,-97.125000,0.000000,bottom
"C15","47uF","C_1206_3216Metric",226.000000,-85.900000,90.000000,bottom
"C19","0.1uF","C_0402_1005Metric",240.000000,-79.605000,90.000000,bottom
"C26","47nF","C_0402_1005Metric",263.250000,-50.595000,90.000000,bottom
"C27","0.1uF","C_0402_1005Metric",266.500000,-55.270000,90.000000,bottom
"C28","0.1uF","C_0402_1005Metric",259.500000,-51.730000,-90.000000,bottom
"C29","47nF","C_0402_1005Metric",263.250000,-52.980000,-90.000000,bottom
"C30","4.7uF","C_0402_1005Metric",260.750000,-51.805000,-90.000000,bottom
"C31","0.1uF","C_0402_1005Metric",267.200000,-69.520000,-90.000000,bottom
"C32","0.1uF","C_0402_1005Metric",268.000000,-75.750000,-90.000000,bottom
"C34","0.1uF","C_0402_1005Metric",239.750000,-67.750000,90.000000,bottom
"C35","0.1uF","C_0402_1005Metric",247.750000,-67.770000,90.000000,bottom
"C37","0.1uF","C_0402_1005Metric",271.520000,-74.020000,180.000000,bottom
"C38","0.1uF","C_0402_1005Metric",270.250000,-69.250000,90.000000,bottom
"C39","1.2uF 100V","C_1210_3225Metric",200.800000,-62.500000,0.000000,bottom
"C42","0.1uF","C_0402_1005Metric",254.250000,-78.520000,-90.000000,bottom
"D2","H5VL10B","D_SOD-882",204.505000,-48.500000,90.000000,bottom
"D3","H5VL10B","D_SOD-882",204.505000,-53.250000,90.000000,bottom
"D6","SMBJ18A","D_SMB",236.400000,-96.125000,180.000000,bottom
"D9","ESD5Z3.3T1G","D_SOD-523",199.325000,-59.450000,-90.000000,bottom
"D11","ESD5Z3.3T1G","D_SOD-523",260.950000,-60.250000,-90.000000,bottom
"D13","ESD5Z3.3T1G","D_SOD-523",258.000000,-62.450000,0.000000,bottom
"D14","SS56","D_SMA",229.000000,-96.375000,180.000000,bottom
"D15","SS14","D_SMA",212.570000,-87.550000,90.000000,bottom
"D18","ESD5Z3.3T1G","D_SOD-523",271.500000,-69.470000,90.000000,bottom
"D19","ESD5Z3.3T1G","D_SOD-523",271.750000,-76.070000,-90.000000,bottom
"D20","MBRS3100T3G","D_SMC",214.425000,-60.250000,0.000000,bottom
"D21","1N4148W","D_SOD-123",253.230000,-68.880000,90.000000,bottom
"L2","22uH","IND-SMD_L12.5-W12.5_B82477P4XX",234.500000,-87.375000,180.000000,bottom
"L3","BLM21PG121SN1D","L_0805_2012Metric",220.000000,-94.687500,90.000000,bottom
"L4","BLM21PG121SN1D","L_0805_2012Metric",218.250000,-94.687500,-90.000000,bottom
"L7","BLM21PG331SN1D","L_0805_2012Metric",232.937500,-46.750000,180.000000,bottom
"L8","DLW21SN900SQ2L","FILTER-SMD_4P-L2.0-W1.2-BL_DLW21H",268.080000,-51.150000,-90.000000,bottom
"L9","BLM21PG331SN1D","L_0805_2012Metric",265.750000,-69.770000,90.000000,bottom
"L10","BLM21PG331SN1D","L_0805_2012Metric",266.500000,-75.372500,-90.000000,bottom
"Q2","S8050","SOT-23",208.882500,-85.050000,0.000000,bottom
"Q3","S8050","SOT-23",257.500000,-70.000000,180.000000,bottom
"R1","5.1K","R_0402_1005Metric",200.515000,-49.900000,0.000000,bottom
"R2","5.1K","R_0402_1005Metric",200.545000,-51.650000,0.000000,bottom
"R5","33R","R_0402_1005Metric",205.015000,-50.150000,0.000000,bottom
"R6","33R","R_0402_1005Metric",205.015000,-51.650000,0.000000,bottom
"R7","10","R_0805_2012Metric",270.587500,-58.800000,180.000000,bottom
"R9","10","R_0805_2012Metric",270.587500,-62.770000,0.000000,bottom
"R11","200m","R_0201_0603Metric",226.905000,-83.125000,180.000000,bottom
"R15","10K","R_0402_1005Metric",200.575000,-59.490000,90.000000,bottom
"R19","120","R_0805_2012Metric",260.200000,-57.037500,90.000000,bottom
"R20","10K","R_0402_1005Metric",260.440000,-62.200000,0.000000,bottom
"R24","120","R_0805_2012Metric",258.200000,-57.037500,90.000000,bottom
"R25","10K","R_0402_1005Metric",258.190000,-63.700000,180.000000,bottom
"R27","10K","R_0402_1005Metric",238.500000,-67.740000,90.000000,bottom
"R28","10K","R_0402_1005Metric",246.500000,-67.800000,90.000000,bottom
"R30","1K","R_0402_1005Metric",201.320000,-87.040000,-90.000000,bottom
"R35","10","R_0805_2012Metric",270.837500,-67.020000,180.000000,bottom
"R36","10","R_0805_2012Metric",270.837500,-78.270000,180.000000,bottom
"R38","3.9","R_0805_2012Metric",267.337500,-67.020000,0.000000,bottom
"R39","3.9","R_0805_2012Metric",267.162500,-78.270000,0.000000,bottom
"R41","1K","R_0402_1005Metric",208.560000,-88.800000,180.000000,bottom
"R42","10K","R_0402_1005Metric",208.560000,-87.800000,0.000000,bottom
"R43","10K","R_0402_1005Metric",257.937500,-67.700000,180.000000,bottom
"R44","1K","R_0402_1005Metric",257.937500,-66.700000,180.000000,bottom
"R47","2K2","R_2512_6332Metric",218.037500,-68.250000,0.000000,bottom
"R49","120","R_0805_2012Metric",230.575000,-61.500000,90.000000,bottom
"U14","PC817C-S","SOP-4_L6.5-W4.6-P2.54-LS10.3-TL",207.325000,-66.500000,0.000000,bottom
"U17","PC817C-S","SOP-4_L6.5-W4.6-P2.54-LS10.3-TL",204.550000,-88.750000,-90.000000,bottom
"U22","SN74LVC1G14DBVR","SOT-23-5",227.075000,-63.000000,0.000000,bottom
"BUZZER1","KLJ-4020","BUZ-SMD_L4.0-W4.0-P3.50-L",257.687500,-68.200000,180.000000,top
"C3","0.1uF","C_0402_1005Metric",218.250000,-46.020000,90.000000,top
"C4","22uF","C_0402_1005Metric",213.230000,-46.500000,0.000000,top
"C5","0.1uF","C_0402_1005Metric",209.000000,-47.230000,90.000000,top
"C6","6.8pF","C_0402_1005Metric",208.270000,-49.750000,180.000000,top
"C8","22uF","C_0402_1005Metric",210.000000,-47.230000,-90.000000,top
"C16","4.7uF","C_1206_3216Metric",216.000000,-89.400000,-90.000000,top
"C17","10uF","C_1206_3216Metric",218.500000,-89.400000,90.000000,top
"C18","10nF","C_0402_1005Metric",228.200000,-95.895000,90.000000,top
"C20","220uF 10V","CAP-SMD_BD6.3-L6.6-W6.6-FD",232.420000,-80.875000,180.000000,top
"C24","0.1uF","C_0402_1005Metric",234.000000,-46.020000,-90.000000,top
"C25","10uF","C_0402_1005Metric",233.000000,-46.020000,90.000000,top
"C33","1uF","C_0402_1005Metric",254.800000,-85.270000,90.000000,top
"C36","0.1uF","C_0402_1005Metric",259.550000,-85.270000,-90.000000,top
"C40","0.1uF","C_0402_1005Metric",254.650000,-70.790000,90.000000,top
"CN1","MKDSN 1,5/ 2-5,08","CONN-TH_2P-P5.08_1729128",220.240000,-100.875000,0.000000,top
"CN2","MKDSN 1,5/ 2-5,08","CONN-TH_2P-P5.08_1729128",246.800000,-100.750000,0.000000,top
"CN3","SM04B-SRSS-TB (LF)(SN)","CONN-SMD_4P-P1.00_SM04B-SRSS-TB-LF-SN",258.250000,-62.010000,0.000000,top
"CN4","BM10B-GHS-TBT","CONN-SMD_BM10B-GHS-TBT-LF-SN",246.930000,-74.595000,0.000000,top
"D1","SS14","D_SMA",210.500000,-54.750000,180.000000,top
"D4","SS14","D_SMA",223.000000,-84.375000,90.000000,top
"D5","WS2812B-2020","LED_WS2812B-2020_PLCC4_2.0x2.0mm",252.275000,-70.670000,0.000000,top
"D7","LMBR340FT1G","D_SOD-123F",223.850000,-95.240000,0.000000,top
"D8","VS-43CTQ100S-M3","D2PAK_L10.0-W9.0-P2.54-LS15.0-TL-1",251.425000,-90.750000,180.000000,top
"D10","PESD1CAN","SOT-23",267.800000,-47.812500,90.000000,top
"D12","ESD5Z3.3T1G","D_SOD-523",202.525000,-67.230000,0.000000,top
"D16","KT-0603R","LED_0603_1608Metric",252.787500,-67.000000,0.000000,top
"D17","SS14","D_SMA",258.700000,-73.520000,180.000000,top
"D22","S3MB-13-F","D_SMB",221.825000,-62.000000,90.000000,top
"F1","2A","FUSE-TH_XF-506P",233.250000,-100.875000,0.000000,top
"F2","1A","FUSE-TH_XF-506P",229.070000,-75.170000,180.000000,top
"F3","10A","FUSE-TH_XF-506P",259.850000,-101.000000,0.000000,top
"F4","10A","FUSE-TH_XF-506P",205.950000,-75.500000,180.000000,top
"Flash1","Flash","SW_Push_1P1T_XKB_TS-1187A",246.500000,-69.115000,180.000000,top
"J1","USB_C_Receptacle_USB2.0_16P","USB_C_Receptacle_HCTL_HC-TYPE-C-16P-01A",198.755000,-50.900000,-90.000000,top
"JP1","CAN Bus Term","PinHeader_1x02_P1.27mm_Vertical",268.000000,-55.000000,180.000000,top
"L1","1uH 3.3A 40mΩ","L_1008_2520Metric",216.825000,-48.500000,0.000000,top
"L5","CDRH104RNP-150NC","IND-SMD_L10.2-W10.0",235.200000,-92.370000,-90.000000,top
"L6","BLM21PG121SN1D","L_0805_2012Metric",237.850000,-78.937500,90.000000,top
"Q4","BUK762R4-60E","TO-263-2_L10.1-W9.1-P5.08-LS15.2-BR",264.750000,-88.430000,90.000000,top
"R3","10K","R_0402_1005Metric",215.760000,-50.500000,180.000000,top
"R4","100K","R_0805_2012Metric",208.162500,-51.750000,180.000000,top
"R8","22K","R_0805_2012Metric",211.662500,-51.750000,180.000000,top
"R10","10K","R_0402_1005Metric",229.010000,-87.375000,0.000000,top
"R12","3k24","R_0402_1005Metric",227.010000,-87.375000,0.000000,top
"R14","120","R_0805_2012Metric",202.987500,-59.000000,0.000000,top
"R16","10K/1W","R_2512_6332Metric",205.325000,-62.000000,180.000000,top
"R21","120","R_0805_2012Metric",263.912500,-47.750000,180.000000,top
"R22","1K","R_0402_1005Metric",202.335000,-65.980000,0.000000,top
"R23","120","R_0805_2012Metric",207.912500,-67.480000,180.000000,top
"R26","10K","R_0402_1005Metric",208.835000,-64.980000,180.000000,top
"R29","1K","R_0402_1005Metric",248.715000,-78.090000,0.000000,top
"R31","100","R_0805_2012Metric",257.137500,-85.250000,180.000000,top
"R32","10K","R_0402_1005Metric",248.715000,-79.090000,180.000000,top
"R33","470R","R_0402_1005Metric",251.580000,-68.370000,0.000000,top
"R34","100","R0402",253.700000,-68.410000,0.000000,top
"R40","10K","R_0402_1005Metric",264.740000,-81.750000,180.000000,top
"R46","47K/1W","R_2512_6332Metric",213.787500,-60.250000,180.000000,top
"R48","47K","R_0402_1005Metric",230.075000,-58.500000,-90.000000,top
"R50","120","R_0805_2012Metric",251.637500,-78.590000,180.000000,top
"Relay1","SRD-12VDC-SL-C","RELAY-TH_SRD-XXVDC-XL-C",214.300000,-81.500000,-90.000000,top
"Reset1","Reset","SW_Push_1P1T_XKB_TS-1187A",238.360000,-69.115000,180.000000,top
"U1","SY8089A1AAC","TSOT-23-5",212.637500,-48.800000,180.000000,top
"U2","INA226","VSSOP-10_3x3mm_P0.5mm",265.550000,-61.290000,0.000000,top
"U3","TPS5430DDA","TI_SO-PowerPAD-8_ThermalVias",225.250000,-90.875000,180.000000,top
"U4","DB125-3.5-2P-GN-S","CONN-TH_2P-P3.50_L7.4-W7.0",273.750000,-60.770000,90.000000,top
"U5","DB125-3.5-2P-GN-S","CONN-TH_2P-P3.50_L7.4-W7.0",274.000000,-68.770000,90.000000,top
"U6","DB125-3.5-2P-GN-S","CONN-TH_2P-P3.50_L7.4-W7.0",274.000000,-76.270000,90.000000,top
"U7","DB125-3.5-3P-GN-S","CONN-TH_3P-P3.50_L7.4-W10.5",273.250000,-51.250000,-90.000000,top
"U8","ESP32-S3-WROOM-2-N32R16V","ESP32-S3-WROOM-2",244.610000,-50.910000,0.000000,top
"U9","DB125-3.5-3P-GN-S","CONN-TH_3P-P3.50_L7.4-W10.5",206.500000,-41.250000,0.000000,top
"U11","SN65HVD230DR","SOIC-8_3.9x4.9mm_P1.27mm",262.275000,-51.825000,0.000000,top
"U12","DB125-3.5-3P-GN-S","CONN-TH_3P-P3.50_L7.4-W10.5",206.550000,-101.600000,180.000000,top
"U13","DB125-3.5-3P-GN-S","CONN-TH_3P-P3.50_L7.4-W10.5",197.325000,-63.250000,90.000000,top
"U16","PC817C-S","SOP-4_L6.5-W4.6-P2.54-LS10.3-TL",247.800000,-82.250000,180.000000,top
"U18","INA226","VSSOP-10_3x3mm_P0.5mm",266.300000,-69.520000,0.000000,top
"U19","INA226","VSSOP-10_3x3mm_P0.5mm",267.250000,-75.520000,0.000000,top
"U21","PC817C-S","SOP-4_L6.5-W4.6-P2.54-LS10.3-TL",227.075000,-62.750000,90.000000,top
"U23","MCP1407-E/MF","DFN-8_L6.0-W5.0-P1.27-BL-EP4.0",257.865000,-80.307500,0.000000,top
