"Refs","Value","Footprint","Qty","MPN","Description","Manufacturer"
"BUZZER1","KLJ-4020","LCSC:BUZ-SMD_L4.0-W4.0-P3.50-L","1","KLJ-4020","2V~4V 100mA 4kHz 73dB SMD,4x4mm","KELIKING"
"C1,C25","10uF","Capacitor_SMD:C_0402_1005Metric","2","CL05A106MQ5NUNC","10uF ±20% 6.3V Ceramic Capacitor X5R 0402","Samsung Electro-Mechanics"
"C2,C3,C5,C7,C9,C24,C27,C28,C31,C32,C34,C35,C36,C37,C38,C40","0.1uF","Capacitor_SMD:C_0402_1005Metric","16","CL05B104KO5NNNC","100nF +/-10% 16V Ceramic Capacitor X7R 0402","Samsung Electro-Mechanics"
"C4,C8","22uF","Capacitor_SMD:C_0402_1005Metric","2","GRM158R61A226ME15D","22uF +/-20% 10V Ceramic Capacitor X5R 0402","muRata"
"C6","6.8pF","Capacitor_SMD:C_0402_1005Metric","1","GJM1555C1H6R8BB01D","6.8pF 50V Ceramic Capacitor C0G 0402","muRata"
"C11,C12,C14,C19,C42","0.1uF","Capacitor_SMD:C_0402_1005Metric","5","CL05B104KB5NNNC","100nF ±10% 50V Ceramic Capacitor X7R 0402","Samsung Electro-Mechanics"
"C13","10uF/50V","Capacitor_SMD:C_0805_2012Metric","1","GRM21BR61H106KE43L","10uF ±10% 50V Ceramic Capacitor X5R 0805","muRata"
"C15","47uF","Capacitor_SMD:C_1206_3216Metric","1","GRM31CR61E476ME44L","47uF ±20% 25V Ceramic Capacitor X5R 1206","muRata"
"C16","4.7uF","Capacitor_SMD:C_1206_3216Metric","1","CL31B475KBHNNNE","4.7uF +/-10% 50V Ceramic Capacitor X7R 1206","Samsung Electro-Mechanics"
"C17","10uF","Capacitor_SMD:C_1206_3216Metric","1","CL31A106KBHNNNE","10uF +/-10% 50V Ceramic Capacitor X5R 1206","Samsung Electro-Mechanics"
"C18","10nF","Capacitor_SMD:C_0402_1005Metric","1","CL05B103KB5NNNC","10nF ±10% 50V Ceramic Capacitor X7R 0402","Samsung Electro-Mechanics"
"C20","220uF 10V","LCSC:CAP-SMD_BD6.3-L6.6-W6.6-FD","1","10SVPE220M","220uF ±20% 10V OS-CON polymer, ESR 20mΩ, SMD D6.3xL5.9mm (TPS5430 internal comp needs ESR <=40mΩ)","Panasonic"
"C26,C29","47nF","Capacitor_SMD:C_0402_1005Metric","2","GCM155R71H473KE02D","47nF ±10% 50V Ceramic Capacitor X7R 0402","muRata"
"C30","4.7uF","Capacitor_SMD:C_0402_1005Metric","1","CL05A475MP5NRNC","4.7uF ±20% 10V Ceramic Capacitor X5R 0402","Samsung Electro-Mechanics"
"C33","1uF","Capacitor_SMD:C_0402_1005Metric","1","GRM155R61H105KE05D","1uF ±10% 50V Ceramic Capacitor X5R 0402","muRata"
"C39","1.2uF 100V","Capacitor_SMD:C_1210_3225Metric","1","FS32X125K101EGG","1.2uF +/-10% 100V Ceramic Capacitor X7R 1210","PSA"
"CN1,CN2","MKDSN 1,5/ 2-5,08","LCSC:CONN-TH_2P-P5.08_1729128","2","1729128","1.5 17.5A 400V 1x2P Green 16~26 Through Hole 2 1 5.08mm Through Hole,P=5.08mm Wire to Board RoHS","Phoenix Contact"
"CN3","SM04B-SRSS-TB (LF)(SN)","LCSC:CONN-SMD_4P-P1.00_SM04B-SRSS-TB-LF-SN","1","SM04B-SRSS-TB(LF)(SN)","Connector Header 4 position 1mm Pitch 1A Surface Mount, Right Angle -25℃~+85℃","JST"
"CN4","BM10B-GHS-TBT","LCSC:CONN-SMD_BM10B-GHS-TBT-LF-SN","1","BM10B-GHS-TBT(LF)(SN)","","JST"
"D1,D4,D15,D17","SS14","Diode_SMD:D_SMA","4","SS14","40V 1A Schottky diode, SMA (DO-214AC)","onsemi"
"D2,D3","H5VL10B","Diode_SMD:D_SOD-882","2","H5VL10B","5V bidirectional ESD diode, DFN1006-2L (SOD-882 land)","R+O"
"D5","WS2812B-2020","LED_SMD:LED_WS2812B-2020_PLCC4_2.0x2.0mm","1","WS2812B-2020","RGB LED with integrated controller, 2.0 x 2.0 mm","Worldsemi"
"D6","SMBJ18A","Diode_SMD:D_SMB","1","SMBJ18A","18V TVS diode, SMB (DO-214AA)","Littelfuse"
"D7","LMBR340FT1G","Diode_SMD:D_SOD-123F","1","LMBR340FT1G","Schottky diode, SOD-123F","LRC"
"D8","VS-43CTQ100S-M3","LCSC:D2PAK_L10.0-W9.0-P2.54-LS15.0-TL-1","1","VS-43CTQ100S-M3","Dual Schottky rectifier, D2PAK","Vishay"
"D9,D11,D12,D13,D18,D19","ESD5Z3.3T1G","Diode_SMD:D_SOD-523","6","ESD5Z3.3T1G","3.3V ESD protection diode, SOD-523","onsemi"
"D10","PESD1CAN","Package_TO_SOT_SMD:SOT-23","1","PESD1CAN","CAN bus ESD protection, SOT-23","UMW"
"D14","SS56","Diode_SMD:D_SMA","1","SS56","60V 5A Schottky diode, SMA","R+O"
"D16","KT-0603R","LED_SMD:LED_0603_1608Metric","1","KT-0603R","Red LED 0603","KENTO"
"D20","MBRS3100T3G","Diode_SMD:D_SMC","1","MBRS3100T3G","Schottky rectifier, SMC","onsemi"
"D21","1N4148W","Diode_SMD:D_SOD-123","1","1N4148W-7-F","75V 150mA switching diode SOD-123; drops D5 VDD ~0.65 V so 3.3 V data meets WS2812B VIH (#183)","Diodes Incorporated"
"D22","S3MB-13-F","Diode_SMD:D_SMB","1","S3MB-13-F","1000V 3A rectifier, SMB","Diodes Inc"
"F1","2A","LCSC:FUSE-TH_XF-506P","1","XF-506P","XF-506P MINI blade fuse holder","XFCN"
"F2","1A","LCSC:FUSE-TH_XF-506P","1","XF-506P","XF-506P MINI blade fuse holder","XFCN"
"F3,F4","10A","LCSC:FUSE-TH_XF-506P","2","XF-506P","XF-506P MINI blade fuse holder","XFCN"
"Flash1","Flash","Button_Switch_SMD:SW_Push_1P1T_XKB_TS-1187A","1","TS-1187A-B-A-B","TS-1187A tactile switch, 2 pin","XKB"
"J1","USB_C_Receptacle_USB2.0_16P","LCSC:USB_C_Receptacle_HCTL_HC-TYPE-C-16P-01A","1","HC-TYPE-C-16P-01A","USB 2.0-only 16P Type-C receptacle","HCTL"
"JP1","CAN Bus Term","Connector_PinHeader_1.27mm:PinHeader_1x02_P1.27mm_Vertical","1","1.27-1*2PPin","1.27 mm 1x2 vertical pin header. Leave open; shunt is supplied loose.","BOOMELE"
"L1","1uH 3.3A 40mΩ","Inductor_SMD:L_1008_2520Metric","1","DFE252012F-1R0M=P2","1uH 3.3A shielded inductor, 1008","muRata"
"L2","22uH","LCSC:IND-SMD_L12.5-W12.5_B82477P4XX","1","FC-DR1207-220MT","22uH +/-20% shielded inductor, 12.5x12.5 mm, Irms 4A, DCR 40 mohm","FANGCHENG"
"L3,L4,L6","BLM21PG121SN1D","Inductor_SMD:L_0805_2012Metric","3","BLM21PG121SN1D","120 ohm at 100 MHz ferrite bead, 0805","muRata"
"L5","CDRH104RNP-150NC","LCSC:IND-SMD_L10.2-W10.0","1","CDRH104RNP-150NC","15uH shielded inductor, 10.2 x 10.0 mm","Sumida"
"L7,L9,L10","BLM21PG331SN1D","Inductor_SMD:L_0805_2012Metric","3","BLM21PG331SN1D","330 ohm at 100 MHz ferrite bead, 0805, 1.5A","muRata"
"L8","DLW21SN900SQ2L","LCSC:FILTER-SMD_4P-L2.0-W1.2-BL_DLW21H","1","DLW21SN900SQ2L","90 ohm common-mode choke, 0805","muRata"
"Q2,Q3","S8050","Package_TO_SOT_SMD:SOT-23","2","S8050","NPN transistor, 25V, 500mA, SOT-23","R+O"
"Q4","BUK762R4-60E","LCSC:TO-263-2_L10.1-W9.1-P5.08-LS15.2-BR","1","BUK762R4-60E,118-VB","N-channel MOSFET, 60V, TO-263","VBsemi"
"R1,R2","5.1K","Resistor_SMD:R_0402_1005Metric","2","0402WGF5101TCE","5.1 kohm +/-1% 0402","UNI-ROYAL"
"R3,R10,R15,R20,R25,R26,R27,R28,R32,R40,R42,R43","10K","Resistor_SMD:R_0402_1005Metric","12","0402WGF1002TCE","10 kohm +/-1% 0402","UNI-ROYAL"
"R4","100K","Resistor_SMD:R_0805_2012Metric","1","0805W8F1003T5E","100 kohm +/-1% 0805","UNI-ROYAL"
"R5,R6","33R","Resistor_SMD:R_0402_1005Metric","2","0402WGF330JTCE","33 ohm +/-5% 0402","UNI-ROYAL"
"R7,R9,R35,R36","10","Resistor_SMD:R_0805_2012Metric","4","FRC0805J100 TS","10 ohm +/-5% 0805","FOJAN"
"R8","22K","Resistor_SMD:R_0805_2012Metric","1","0805W8F2202T5E","22 kohm +/-1% 0805","UNI-ROYAL"
"R11","200m","Resistor_SMD:R_0201_0603Metric","1","PE0201FRF7W0R2L","200 mohm +/-1% 100mW 0201","Yageo"
"R12","3k24","Resistor_SMD:R_0402_1005Metric","1","0402WGF3241TCE","3.24 kohm +/-1% 0402","UNI-ROYAL"
"R14,R19,R21,R23,R24,R49,R50","120","Resistor_SMD:R_0805_2012Metric","7","0805W8F1200T5E","120 ohm +/-1% 0805","UNI-ROYAL"
"R16","10K/1W","Resistor_SMD:R_2512_6332Metric","1","25121WJ0103T4E","10 kohm +/-5% 1W 2512","UNI-ROYAL"
"R22,R29,R30,R41,R44","1K","Resistor_SMD:R_0402_1005Metric","5","0402WGF1001TCE","1 kohm +/-1% 0402","UNI-ROYAL"
"R31","100","Resistor_SMD:R_0805_2012Metric","1","0805W8F1000T5E","100 ohm +/-1% 0805","UNI-ROYAL"
"R33","470R","Resistor_SMD:R_0402_1005Metric","1","0402WGF4700TCE","470 ohm +/-1% 0402","UNI-ROYAL"
"R34","100","LCSC:R0402","1","0402WGF1000TCE","100Ω (1000) ±1%","UNI-ROYAL"
"R38,R39","3.9","Resistor_SMD:R_0805_2012Metric","2","CL0805FN3R9PS","3.9 ohm 0805","Changlong"
"R46","47K/1W","Resistor_SMD:R_2512_6332Metric","1","CR2512F47K0E04Z","47 kohm +/-1% 1W 2512","EVER OHMS"
"R47","2K2","Resistor_SMD:R_2512_6332Metric","1","CRGP2512F2K2","2.2 kohm +/-1% 1W 2512","TE Connectivity"
"R48","47K","Resistor_SMD:R_0402_1005Metric","1","0402WGF4702TCE","47 kohm +/-1% 0402","UNI-ROYAL"
"Relay1","SRD-12VDC-SL-C","LCSC:RELAY-TH_SRD-XXVDC-XL-C","1","SRD-12VDC-SL-C","12V relay, SPDT","Songle"
"Reset1","Reset","Button_Switch_SMD:SW_Push_1P1T_XKB_TS-1187A","1","TS-1187A-B-A-B","TS-1187A tactile switch, 2 pin","XKB"
"U1","SY8089A1AAC","Package_TO_SOT_SMD:TSOT-23-5","1","SY8089A1AAC","SY8089A1AAC buck regulator, TSOT-23-5","Silergy"
"U2,U18,U19","INA226","LCSC:VSSOP-10_3x3mm_P0.5mm","3","INA226AQDGSRQ1","High-Side or Low-Side Measurement, Bi-Directional Current and Power Monitor (0-36V) with I2C Compatible Interface, VSSOP-10","TI"
"U3","TPS5430DDA","Package_SO:TI_SO-PowerPAD-8_ThermalVias","1","TPS5430DDA","TPS5430DDA 3A buck regulator, PowerSO-8","TI"
"U4,U5,U6","DB125-3.5-2P-GN-S","LCSC:CONN-TH_2P-P3.50_L7.4-W7.0","3","DB125-3.5-2P-GN-S","3.50 mm 2-pin terminal block","DORABO"
"U7,U9,U12,U13","DB125-3.5-3P-GN-S","LCSC:CONN-TH_3P-P3.50_L7.4-W10.5","4","DB125-3.5-3P-GN-S","3.50 mm 3-pin terminal block","DORABO"
"U8","ESP32-S3-WROOM-2-N32R16V","RF_Module:ESP32-S3-WROOM-2","1","ESP32-S3-WROOM-2-N32R16V","ESP32-S3-WROOM-2-N32R16V, 32 MB octal flash, 16 MB octal PSRAM, PCB antenna","Espressif"
"U11","SN65HVD230DR","Package_SO:SOIC-8_3.9x4.9mm_P1.27mm","1","SN65HVD230DR","SN65HVD230DR CAN transceiver, SOIC-8","TI"
"U14,U16,U17,U21","PC817C-S","LCSC:SOP-4_L6.5-W4.6-P2.54-LS10.3-TL","4","PC817C-S","PC817C-S optocoupler, SOP-4","UMW"
"U22","SN74LVC1G14DBVR","Package_TO_SOT_SMD:SOT-23-5","1","SN74LVC1G14DBVR","SN74LVC1G14DBVR Schmitt inverter, SOT-23-5","TI"
"U23","MCP1407-E/MF","LCSC:DFN-8_L6.0-W5.0-P1.27-BL-EP4.0","1","MCP1407-E/MF","MCP1407-E/MF MOSFET driver, DFN-8","Microchip"
"F1-FUSE","2A","LOOSE - do not mount","1","0297002.WXNV","LOOSE - MINI blade fuse 2A 32V for holder F1 (XF-506P)","Littelfuse"
"F2-FUSE","1A","LOOSE - do not mount","1","0297001.WXNV","LOOSE - MINI blade fuse 1A 32V for holder F2 (XF-506P)","Littelfuse"
"F3-FUSE,F4-FUSE","10A","LOOSE - do not mount","2","0297010.WXNV","LOOSE - MINI blade fuse 10A 32V for holders F3, F4 (XF-506P)","Littelfuse"
"JP1-SHUNT","Jumper 1.27mm","LOOSE - do not mount","1","","LOOSE - 2-pin 1.27 mm pitch jumper shunt for JP1 (CAN termination; leave JP1 open)",""
