"Reference","Qty","Value","Footprint","Datasheet","Description","MPN","Manufacturer","Package","LCSC Part"
"BUZZER1","1","KLJ-4020","EasyEDA:BUZ-SMD_L4.0-W4.0-P3.50-L","https://lcsc.com/product-detail/Buzzers_KELIKING-KLJ-4020_C556936.html","2V~4V 100mA 4kHz 73dB SMD,4x4mm","KLJ-4020","KELIKING","SMD,4x4mm","C556936"
"C1,C17,C25","3","10uF","Capacitor_SMD:C_0402_1005Metric","https://www.lcsc.com/datasheet/C15525.pdf","10uF ±20% 6.3V Ceramic Capacitor X5R 0402","CL05A106MQ5NUNC","Samsung Electro-Mechanics","0402","C15525"
"C2,C3,C5,C7,C9,C11,C12,C14,C19,C22,C24,C27,C28,C31,C32,C33,C34,C35,C36,C37,C38,C39","22","0.1uF","Capacitor_SMD:C_0402_1005Metric","https://www.lcsc.com/datasheet/C1525.pdf","Unpolarized capacitor","CL05B104KO5NNNC","Samsung Electro-Mechanics","0402","C1525"
"C4,C8","2","22uF","Capacitor_SMD:C_0402_1005Metric","https://www.lcsc.com/datasheet/C3845593.pdf","22uF ±20% 10V Ceramic Capacitor X5R 0402","GRM158R61A226ME15D","muRata","0402","C3845593"
"C6","1","6.8pF","Capacitor_SMD:C_0402_1005Metric","https://www.lcsc.com/datasheet/C88896.pdf","6.8pF 50V Ceramic Capacitor C0G 0402","GJM1555C1H6R8BB01D","muRata","0402","C88896"
"C10,C16,C30","3","4.7uF","Capacitor_SMD:C_0402_1005Metric","https://lcsc.com/product-detail/Multilayer-Ceramic-Capacitors-MLCC-SMD-SMT_SAMSUNG_CL05A475MP5NRNC_4-7uF-475-20-10V_C23733.html","4.7uF ±20% 10V Ceramic Capacitor X5R 0402","CL05A475MP5NRNC","Samsung Electro-Mechanics","0402","C23733"
"C13","1","10uF/50V","Capacitor_SMD:C_0805_2012Metric","https://www.lcsc.com/datasheet/C440198.pdf","10uF ±10% 50V Ceramic Capacitor X5R 0805","GRM21BR61H106KE43L","muRata","0805","C440198"
"C15","1","47uF","Capacitor_SMD:C_1206_3216Metric","https://www.lcsc.com/datasheet/C403725.pdf","47uF ±20% 25V Ceramic Capacitor X5R 1206","GRM31CR61E476ME44L","muRata","1206","C403725"
"C18","1","10nF","Capacitor_SMD:C_01005_0402Metric","https://lcsc.com/product-detail/Multilayer-Ceramic-Capacitors-MLCC-SMD-SMT_SAMSUNG_CL05B103KB5NNNC_10nF-103-10-50V_C15195.html","10nF ±10% 50V Ceramic Capacitor X7R 0402","CL05B103KB5NNNC","Samsung Electro-Mechanics","0402","C15195"
"C20","1","220uF 10V","easyeda2kicad:CAP-SMD_BD6.3-L6.6-W6.6-FD","https://www.lcsc.com/datasheet/C125977.pdf","220uF ±20% 50V Aluminum Electrolytic Capacitors 1000hrs@105℃","UWT1H221MNL1GS","Nichicon","SMD,D10xL10mm","C125977"
"C21","1","1.5nF","Capacitor_SMD:C_01005_0402Metric","https://www.lcsc.com/datasheet/C668348.pdf","1.5nF ±5% 50V Ceramic Capacitor C0G 0402","GRM1555C1H152JA01D","muRata","0402","C668348"
"C23","1","150pF","Capacitor_SMD:C_01005_0402Metric","https://www.lcsc.com/datasheet/C76951.pdf","150pF ±5% 50V Ceramic Capacitor C0G 0402","GRM1555C1H151JA01D","muRata","0402","C76951"
"C26,C29","2","47nF","Capacitor_SMD:C_01005_0402Metric","https://www.lcsc.com/datasheet/C368599.pdf","47nF ±10% 50V Ceramic Capacitor X7R 0402","GCM155R71H473KE02D","muRata","0402","C368599"
"CN1,CN2","2","MKDSN 1,5/ 2-5,08","easyeda2kicad:CONN-TH_2P-P5.08_1729128","https://www.lcsc.com/datasheet/C7509570.pdf","1.5 17.5A 400V 1x2P Green 16~26 Through Hole 2 1 5.08mm Through Hole,P=5.08mm Wire to Board RoHS","1729128","Phoenix Contact","Through Hole,P=5.08mm","C7509570"
"CN3","1","SM04B-SRSS-TB (LF)(SN)","easyeda2kicad:CONN-SMD_4P-P1.00_SM04B-SRSS-TB-LF-SN","https://www.lcsc.com/datasheet/C160404.pdf","Connector Header 4 position 1mm Pitch 1A Surface Mount, Right Angle -25℃~+85℃","SM04B-SRSS-TB(LF)(SN)","JST","SMD,P=1mm,Surface Mount,Right Angle","C160404"
"D1,D4,D15,D20","4","SS14","Diode_SMD:D_SMA","https://www.vishay.com/docs/88746/ss12.pdf","40V 1A Schottky Diode, SMA","SS14","MDD(Microdiode Semiconductor)","SMA(DO-214AC)","C2480"
"D2,D3,D8,D9,D11,D12,D13,D18,D19","9","ESD5Z3.3T1G","EasyEDA:SOD-523_L1.2-W0.8-LS1.6-FD","https://www.lcsc.com/datasheet/C2827729.pdf","14VC Clamp 11A Ipp ESD DIODE SOD-523","ESD5Z3.3T1G","TECH PUBLIC","SOD-523","C2827729"
"D5","1","1N5819HW-7-F","easyeda2kicad:SMC_L7.1-W6.2-LS8.1-RD","https://www.lcsc.com/datasheet/C72264.pdf","100A 1 Independent 40V 550mV@5A 5A SMC(DO-214AB) Single Diodes RoHS","B540C-13-F","DIODES","SMC(DO-214AB)","C72264"
"D6","1","SMBJ18A","EasyEDA:SMB_L4.6-W3.6-LS5.3-RD","https://lcsc.com/product-detail/TVS_Bourne-Semicon-Shenzhen-SMBJ18A_C152104.html","29.2VC Clamp 20.6A@10/1000us Ipp TVS DIODE DO-214AA(SMB)","SMBJ18A","BORN","DO-214AA(SMB)","C152104"
"D7","1","LMBR340FT1G","EasyEDA:SOD-123FL_L2.7-W1.8-LS3.8-RD","https://lcsc.com/product-detail/Schottky-Barrier-Diodes-SBD_Leshan-Radio-LMBR340FT1G_C417538.html","","","","","C417538"
"D10","1","PESD1CAN","EasyEDA:SOT-23-3_L2.9-W1.3-P1.90-LS2.4-BL-2","","","","","","C2687121"
"D14","1","MURS360T3G","EasyEDA:SMC_L7.1-W6.2-LS8.1-R-RD","https://lcsc.com/product-detail/Diodes-Rectifiers-Hyperfast_ON_MURS360T3_MURS360T3G_C49304.html","","","","","C49304"
"D16,D17","2","LED","LED_SMD:LED_0603_1608Metric","","Light emitting diode","","","","C2286"
"F1,F2,F3","3","15A,1A,5A","EasyEDA:FUSE-TH_XF-506P","https://lcsc.com/product-detail/New-Arrivals_XFCN-XF-506_C492610.html","","","","","C492610"
"Flash1,Reset1","2","Flash,Reset","Button_Switch_SMD:SW_Push_1P1T_XKB_TS-1187A","","Push button switch, generic, two pins","","","","C318884"
"J1","1","USB2.0_14P","Connector_USB:USB_C_Receptacle_HCTL_HC-TYPE-C-16P-01A","https://www.usb.org/sites/default/files/documents/usb_type-c.zip","USB 2.0-only 14P Type-C Receptacle connector","","","","C19274016"
"JP1","1","CAN Bus Term","EasyEDA:HDR-TH_2P-P1.27-V-M","https://lcsc.com/product-detail/Pin-Header-Female-Header_BOOMELE-Boom-Precision-Elec-1-27mm-1-2P_C703015.html","","","","","C703015"
"JP2","1","Jumper","EasyEDA:HDR-TH_2P-P1.27-V-M","https://lcsc.com/product-detail/Pin-Header-Female-Header_BOOMELE-Boom-Precision-Elec-1-27mm-1-2P_C703015.html","","","","","C150949"
"JP4,JP5,JP6,JP13,JP16,JP17,JP18,JP21,JP39,JP42","10","GPIO13,GPIO16,GPIO17,GPIO18,GPIO21,GPIO39,GPIO4,GPIO42,GPIO5,GPIO6","","","Generic connector, single row, 01x01, script generated","","","",""
"L1","1","1uH 3.3A 40mΩ","easyeda2kicad:L2520","https://lcsc.com/product-detail/Inductors-SMD_Murata-Electronics-DFE252012F-1R0M-P2_C435392.html","","DFE252012F-1R0M=P2","muRata(村田)","","C435392"
"L2","1","22uH","EasyEDA:IND-SMD_L12.5-W12.5_B82477P4XX","","","","","","C5368704"
"L3,L4,L6,L7,L9,L10","6","FerriteBead","EasyEDA:L0805","https://lcsc.com/product-detail/Ferrite-Beads-And-Chips_muRata_BLM21PG331SN1D_330R-25_C74764.html","","","","","C74764"
"L5","1","CDRH104RNP-150NC","EasyEDA:IND-SMD_L10.2-W10.0","https://lcsc.com/product-detail/Power-Inductors_Sumida-CDRH104RNP-150NC_C225048.html","","","","","C225048"
"L8","1","DLW21SN900SQ2L","EasyEDA:FILTER-SMD_4P-L2.0-W1.2-BL_DLW21H","https://lcsc.com/product-detail/LINE-Filter_muRata_DLW21SN900SQ2L_DLW21SN900SQ2L_C97856.html","","","","","C97856"
"Q1","1","IPL60R075CFD7","EasyEDA:VSON-4_L8.1-W8.1-P2.00-BL","","","","","","C537017"
"R1,R2","2","5.1K","Resistor_SMD:R_0402_1005Metric","","Resistor","","","","C25905"
"R3,R10,R15,R18,R20,R25,R26,R27,R28,R32,R37","11","10K","Resistor_SMD:R_0402_1005Metric","","Resistor","","","","C25744"
"R4","1","100K","easyeda2kicad:R0805","https://lcsc.com/product-detail/Chip-Resistor-Surface-Mount-UniOhm_Uniroyal-Elec-0805W8F1003T5E_C149504.html","","0805W8F1003T5E","UNI-ROYAL(厚声)","","C149504"
"R5,R6","2","33R","Resistor_SMD:R_0402_1005Metric","","Resistor","","","","C25105"
"R7,R9,R35,R36","4","10","EasyEDA:R0805","","","","","","C2907296"
"R8","1","22K","easyeda2kicad:R0805","https://lcsc.com/product-detail/Chip-Resistor-Surface-Mount-UniOhm_22KR-2202-1_C17560.html","22KΩ (2202) ±1%","0805W8F2202T5E","UNI-ROYAL(厚声)","","C17560"
"R11","1","200m","EasyEDA:R0201","","","","","","C2089436"
"R12","1","3k24","EasyEDA:R0402","","","","","","C53159429"
"R13","1","549","EasyEDA:R0603","https://lcsc.com/product-detail/Chip-Resistor-Surface-Mount-UniOhm_549R-5490-1_C23079.html","","","","","C23079"
"R14,R17,R19,R21,R23,R24","6","120","EasyEDA:R0805","https://lcsc.com/product-detail/Chip-Resistor-Surface-Mount-UniOhm_120R-1200-1_C17437.html","","","","","C17437"
"R16,R22,R29,R30","4","1K","Resistor_SMD:R_0402_1005Metric","","Resistor","","","","C11702"
"R31","1","100","EasyEDA:R0805","https://lcsc.com/product-detail/Chip-Resistor-Surface-Mount-UniOhm_100R-1000-1_C17408.html","","","","","C17408"
"R33,R34","2","470R","Resistor_SMD:R_0402_1005Metric","","Resistor","","","","C25117"
"R38,R39","2","3.9","EasyEDA:R0805","https://www.lcsc.com/datasheet/C48996903.pdf","","","","","C48996903"
"Relay1","1","SRD-12VDC-SL-C","EasyEDA:RELAY-TH_SRD-XXVDC-XL-C","https://lcsc.com/product-detail/Relays_SRD-12VDC-SL-C_C30431.html","","","","","C30431"
"U1","1","SY8089A1AAC","easyeda2kicad:TSOT-23-5_L2.9-W1.6-P0.95-LS2.8-BR","https://lcsc.com/product-detail/New-Quadratic-Unclassified-Data_Silergy-Corp-SY8089A1AAC_C479074.html","","SY8089A1AAC","Silergy(矽力杰)","","C479074"
"U2,U18,U19","3","INA226","Package_SO:VSSOP-10_3x3mm_P0.5mm","http://www.ti.com/lit/ds/symlink/ina226.pdf","High-Side or Low-Side Measurement, Bi-Directional Current and Power Monitor (0-36V) with I2C Compatible Interface, VSSOP-10","INA226AQDGSRQ1","TI","VSSOP-10-0.5mm","C2653835"
"U3","1","TPS5430DDA","Package_SO:TI_SO-PowerPAD-8_ThermalVias","http://www.ti.com/lit/ds/symlink/tps5430.pdf","3A, Step Down Swift Converter, Adjustable Output Voltage, 5.5-36V Input Voltage, PowerSO-8","","","","C502477"
"U4,U5,U6","3","DB125-3.5-2P-GN-S","EasyEDA:CONN-TH_2P-P3.50_L7.4-W7.0","https://lcsc.com/product-detail/Screw-terminal_DIBO-DB125-3-5-2P-GN-S_C466970.html","","","","","C466970"
"U7,U9,U12,U13","4","DB125-3.5-3P-GN-S","EasyEDA:CONN-TH_3P-P3.50_L7.4-W10.5","https://lcsc.com/product-detail/Screw-terminal_DIBO-DB125-3-5-3P-GN-S_C466971.html","","","","","C466971"
"U8","1","ESP32-S3-WROOM-2-N32R16V","PCM_Espressif:ESP32-S3-WROOM-2","https://www.espressif.com/sites/default/files/documentation/esp32-s3-wroom-2_datasheet_en.pdf","2.4 GHz WiFi (802.11 b/g/n) and Bluetooth ® 5 (LE) module Built around ESP32S3 series of SoCs, Xtensa ® dualcore 32bit LX7 microprocessor Flash up to 16 MB, PSRAM up to 8 MB 36 GPIOs, rich set of peripherals Onboard PCB antenna","","","","C42417293"
"U10,U14,U16,U17","4","PC817C-S","EasyEDA:SOP-4_L6.5-W4.6-P2.54-LS10.3-TL","","","","","","C3008369"
"U11","1","SN65HVD230DR","EasyEDA:SOIC-8_L5.0-W4.0-P1.27-LS6.0-BL","https://www.lcsc.com/datasheet/C12084.pdf","","","","","C12084"
"U15","1","TC4427EPA","EasyEDA:DIP-8_L9.4-W6.4-P2.54-LS9.1-BL","https://lcsc.com/product-detail/MOS-Drivers_MICROCHIP_TC4427EPA_TC4427EPA_C52428.html","","","","","C52428"
