# Sisu Nav polar — generic cruising placeholder, not a measured Sisu polar.
# Polar quality dominates model choice. Replace this file with a sailed polar.
# Matrix: first column TWA (deg), header row TWS (kn), cells boat speed (kn).
twa,4,6,8,10,12,14,16,18,20,25,30
0,0.0,0.0,0.0,0.0,0.0,0.0,0.0,0.0,0.0,0.0,0.0
30,1.4,2.1,2.7,3.1,3.3,3.2,2.9,2.5,2.1,1.5,1.0
40,2.3,3.3,4.1,4.7,5.1,5.2,5.0,4.6,4.1,3.2,2.2
52,3.1,4.3,5.3,6.0,6.5,6.7,6.6,6.2,5.7,4.7,3.6
60,3.5,4.8,5.8,6.5,7.0,7.2,7.2,6.9,6.5,5.5,4.3
75,3.9,5.3,6.3,7.0,7.5,7.7,7.8,7.6,7.2,6.3,5.1
90,4.1,5.5,6.5,7.2,7.7,8.0,8.1,8.0,7.7,6.9,5.6
110,3.9,5.4,6.4,7.1,7.7,8.1,8.3,8.3,8.1,7.4,6.1
120,3.7,5.1,6.2,7.0,7.6,8.1,8.4,8.5,8.4,7.8,6.5
135,3.3,4.7,5.8,6.7,7.3,7.9,8.3,8.6,8.6,8.2,6.9
150,2.7,4.1,5.2,6.1,6.8,7.4,7.9,8.3,8.3,8.0,6.8
165,2.1,3.3,4.4,5.3,6.1,6.7,7.3,7.8,7.8,7.5,6.4
180,1.7,2.7,3.7,4.5,5.3,5.9,6.5,7.1,7.2,7.0,6.0
